Timestamp;Ueberschrift;Hauptartikel;Link
26.04.2019 – 11:53;POL-F: 190426 - 470 Frankfurt-Nordend: Einbruch in Café;  Frankfurt (ots)  (ne) Ein unbekannter Täter ist gestern Nacht in ein Café am Merianplatz eingebrochen und hat Bargeld entwendet.  Über die Eingangstür gelangte der Täter gewaltsam in den Innenraum, wo er sich das Geld aus dem Verkaufstresen nahm. Anschließend konnte der Einbrecher unerkannt mit seiner Beute entkommen. Die Polizei hat die Ermittlungen dazu aufgenommen.    ;https://www.presseportal.de/blaulicht/pm/4970/4255239
26.04.2019 – 11:53;POL-F: 190426 - 469 Frankfurt-Nieder-Erlenbach: Einbrecher erfolglos geflüchtet;  Frankfurt (ots)  (ka) Gestern Morgen wurde ein Einbrecher, bei dem Versuch in eine Wohnung in der Obere Burggasse einzubrechen, gestört und flüchtete unverrichteter Dinge.  Gegen 08.45 Uhr machte sich der Mann an der Wohnungstür zu schaffen. Auf die Hebelgeräusche aufmerksam geworden, eilte der Bewohner zu der Tür um nachzuschauen. Dies wiederrum hörte der Einbrecher und eilte davon. Der Wohnungsinhaber sah ihn noch über den Innenhof wegrennen.  Der Tatverdächtige kann folgendermaßen beschrieben werden: Männlich, westeuropäisches Erscheinungsbild, etwa 25 Jahre alt, schlanke Statur. Er soll mit einer roten Basecap und einer Jeans bekleidet gewesen sein.  Hinweise nimmt die Polizei unter der Telefonnummer 069/755-52199 entgegen.    ;https://www.presseportal.de/blaulicht/pm/4970/4255235
26.04.2019 – 11:52;POL-F: 190426 - 468 Frankfurt-Nied: Fußgängerin bei Unfall verletzt;  Frankfurt (ots)  (ka) Gestern Vormittag stieß auf der Oeserstraße ein Mercedes mit einer Fußgängerin zusammen. Sie trug durch den Unfall Verletzungen davon.  Der 71-Jährige war, gegen 10.50 Uhr, in seinem Mercedes auf der Oeserstraße in Richtung Stadtmitte unterwegs, als eine 14-Jährige auf die Straße trat und es zum Zusammenstoß zwischen den beiden kam. Die Jugendliche stürzte und zog sich Verletzungen zu. Sie wurde zur Beobachtung in ein Krankenhaus aufgenommen. An dem Mercedes entstand kein Sachschaden.  Die genaue Unfallursache ist Gegenstand der laufenden Ermittlungen.    ;https://www.presseportal.de/blaulicht/pm/4970/4255234
25.04.2019 – 13:44;POL-F: 190425 - 467 Frankfurt-Stadtgebiet: Geschwindigkeitsmessungen;  Frankfurt (ots)  (fue) Auch in der kommenden Woche werden im Frankfurter Stadtgebiet Geschwindigkeitsmessungen durchgeführt. Die Messgeräte stehen im Bereich folgender Örtlichkeiten:  29. April 2019 Züricher Straße, Bundesautobahn 661 Richtung Autobahnkreuz Bad Homburg, Mainzer Landstraße, Bundesautobahn 66 Richtung Autobahnkreuz Frankfurt-Nordwest, Mörfelder Landstraße, Bundesstraße 3 Richtung Preungesheimer Dreieck  30. April 2019 Bundesstraße 43 Anschlussstelle BAB 3, Ludwig-Landmann-Straße, Bundesautobahn 66 Krifteler Dreieck, Hanauer Landstraße, Autobahnkreuz Frankfurt BAB 3/BAB 5, Hugo-Eckener-Ring  01. Mai 2019 Bundesstraße 3 Richtung Preungesheimer Dreieck, Mörfelder Landstraße, Bundesautobahn 661 Richtung Autobahnkreuz Bad Homburg, Mainzer Landstraße, Bundesautobahn 66 Richtung Autobahnkreuz Frankfurt-Nordwest  02. Mai 2019 Mainzer Landstraße, Bundesstraße 3 Richtung Preungesheimer Dreieck, Ludwig-Landmann-Straße, Bundesautobahn 66 Richtung Autobahnkreuz Frankfurt-Nordwest, Mörfelder Landstraße, Bundesautobahn 66 Krifteler Dreieck  03. Mai 2019 Autobahnkreuz Frankfurt BAB 3/BAB 5, Ludwig-Landmann-Straße, Bundesstraße 43 Anschlussstelle BAB 3, Hanauer Landstraße, Bundesautobahn 66 Krifteler Dreieck, Hugo-Eckener-Ring  Die Geschwindigkeitsmessungen werden fortgesetzt.    ;https://www.presseportal.de/blaulicht/pm/4970/4254430
25.04.2019 – 11:42;POL-F: 190425 - 466 Frankfurt-Niederursel: Versuchtes Tötungsdelikt;  Frankfurt (ots)  (ka) Gestern Abend trug ein Mann bei einer Auseinandersetzung in der Niederurseler Landstraße, Ecke Oswaltstraße schwere Stichverletzungen davon.  Nach Streitigkeiten im Vorfeld, traf der 37-jährige Mann an besagter Örtlichkeit einen 18-Jährigen, der, mit einem bislang unbekannten Gegenstand, auf ihn einstach. Der 37-Jährige flüchtete im Anschluss schwer verletzt vor dem Angreifer. Der 18-Jährige wurde von seiner 22-jährigen Komplizin mit dem Auto eingesammelt und konnte so entkommen. Der Verletzte wurde stationär in einem Krankenhaus aufgenommen. Aktuell besteht für ihn keine Lebensgefahr.  Trotz intensiver Fahndungsmaßnahmen, konnte der 18-Jährige nicht festgenommen werden. Polizeibeamte nahmen aber, im Laufe des Abends, die Komplizin in ihrer Wohnung fest und lieferten sie in die Haftzellen des Polizeipräsidiums Frankfurt am Main ein.  Die Kriminalpolizei hat unter anderem die Ermittlungen bezüglich der Hintergründe der Streitigkeiten aufgenommen. Die Fahndung nach dem flüchtigen 18-Jährigen läuft auf Hochtouren.    ;https://www.presseportal.de/blaulicht/pm/4970/4254254
25.04.2019 – 11:31;POL-F: 190425 - 465 Frankfurt-Sachsenhausen: Gute Vorbereitung beim Fahrraddiebstahl;  Frankfurt (ots)  (ne) Auch als Fahrraddieb muss man auf alles vorbereitet sein. Das dachte sich ein bislang unbekannter Langfinger, der gestern Nachmittag versuchte ein Zweirad in der Mörfelder Landstraße zu entwenden.  Ein mit dem Vorderrad angeschlossenes Zweirad wollte der Täter haben. Passenderweise hatte der Unbekannte ein Ersatzvorderrad gleich mitgebracht. So sparte sich der Dieb das Aufbrechen des Schlosses und montierte einfach die Räder um. Doch glücklicherweise hatte er nicht mit der Besitzerin gerechnet, die soeben vorbeikam, als der Täter gerade leise pfeifend mit seiner Beute wegfahren wollte. Sie rief die Polizei, was den Dieb in die Flucht trieb - ohne Fahrrad.  Der Täter war etwa 20-25 Jahre alt, 170 cm groß, hatte schwarze Haare, einen Dreitagebart, war bekleidet mit einer schwarzen Basecap, einem blauen Kapuzenpullover, schwarzer Hose und weißen Sneakern.  Sachdienliche Hinweise nimmt das 8. Polizeirevier unter der Telefonnummer 069/755-10800 sowie jede andere Polizeidienststelle entgegen.    ;https://www.presseportal.de/blaulicht/pm/4970/4254224
24.04.2019 – 13:43;POL-F: 190424 - 464 Frankfurt-Nordend: Jugendliche knacken Roller und fahren damit;  Frankfurt (ots)  (ne) Wegen des besonders schweren Diebstahls eines Rollers, des unbefugten Gebrauchs eines Rollers, der Sachbeschädigung und des Fahrens ohne Fahrerlaubnis haben sich gestern Abend sechs Jugendliche im Nordend verdächtig gemacht.  Zeugen meldeten der Polizei mehrere Jugendliche, die in der Nordendstraße mit einem Motorroller umherfahren würden. Als die Streife am Ort eintraf, konnte sie das Zweirad verlassen dort auffinden. Die detaillierte Personenbeschreibung machte es den Beamten recht einfach die flüchtigen Tatverdächtigen zu finden. Im Zuge der Fahndung nach der Jugendgruppe, trat eine 29-jährige Frau an die Beamten heran, und berichtete von einem soeben versuchten Diebstahl ihres Rucksacks durch eine Jugendgruppe. Die Personenbeschreibungen stimmten deutlich mit denen der vermeintlichen Rollerdiebe überein. Schließlich konnte die Streife sechs Personen im Alter von 12-16 Jahren vorübergehend festnehmen. Die Ermittlungen sollen nun klären, was sich genau zugetragen hatte.    ;https://www.presseportal.de/blaulicht/pm/4970/4253364
24.04.2019 – 12:54;POL-F: 190424 - 463 Frankfurt-Rödelheim: Beim Einparken bestohlen;  Frankfurt (ots)  (fue) Am Dienstag, den 23. April 2019, gegen 22.10 Uhr, parkte eine 22-jährige Frankfurterin ihren Pkw in der Fuchstanzstraße ein. Plötzlich öffnete ein bislang unbekannter Täter die Beifahrertür und entwendete eine auf dem Sitz befindliche Tragetasche und eine Lederjacke der Marke Only. Der Täter flüchtete über einen Hinterhof in unbekannte Richtung. In der blauen Tragetasche mit Apothekensymbol befanden sich Sneaker der Marke Nike und ein Paar Trekkingschuhe.  Täterbeschreibung: 20-25 Jahre alt und 160-170 cm groß. Dunkle, kurze Haare, dickliche Figur. Trug eine schwarze Jacke mit weißen Applikationen und eine dunkle Hose.    ;https://www.presseportal.de/blaulicht/pm/4970/4253266
24.04.2019 – 12:51;POL-F: 190424 - 462 Frankfurt-Fechenheim: Wohnungseinbruch;  Frankfurt (ots)  (fue) Am Dienstag, den 23. April 2019, etwa gegen 17.00 Uhr, drangen bislang unbekannte Täter gewaltsam in die Erdgeschosswohnung eines Hauses in der Dieburger Straße ein. Sie durchsuchten sämtliche Räume und entwendeten zwei kleinere Möbeltresore in denen sich neben Bargeld (ca. 4.000 EUR) noch verschiedene persönliche Unterlagen befanden. Bewohnern des Hauses fielen im Treppenhaus zu dem genannten Zeitpunkt zwei Personen auf, bei denen es sich vermutlich um die Täter handelte. Diese werden wie folgt beschrieben:  1. Täter: Etwa 35 Jahre alt und ca. 175 cm groß. Südländisches Erscheinungsbild, kräftige Figur, dunkle Haare und Vollbart. Trug ein weißes T-Shirt und eine graue Arbeitshose.  2. Täter: Etwa 35 Jahre alt und ca. 180 cm groß. Südländisches Erscheinungsbild, kräftige Figur und dunkle Haare. Trug ein rotes T-Shirt und eine blaue Latzhose.    ;https://www.presseportal.de/blaulicht/pm/4970/4253262
24.04.2019 – 12:48;POL-F: 190424 - 461 Frankfurt-Sachsenhausen: Raub auf Bekleidungsgeschäft;"  Frankfurt (ots)  (fue) Ein bislang unbekannter Täter betrat am Dienstag, den 23. April 2019, gegen 13.30 Uhr, ein Bekleidungsgeschäft in der Diesterwegstraße.  Mit einem Küchenmesser forderte er von der Verkäuferin ""Geld, alles, was sie haben!"". Zudem bedrohte er eine anwesende Kundin und forderte auch von ihr, die Herausgabe ihres Bargeldes. Mit einer Gesamtsumme von rund 200 EUR verließ er schließlich das Geschäft.  Der Täter wird beschrieben als 20-25 Jahre alt, 175-178 cm groß, von orientalischem Erscheinungsbild. Sehr dünne Gestalt, buschige Augenbrauen. Trug einen schwarzen Kapuzenpulli mit weißer Aufschrift auf der Brust, eine schwarze Hose und schwarze Schuhe. Sprach Deutsch mit leichtem Akzent, gepflegte Erscheinung.    ";https://www.presseportal.de/blaulicht/pm/4970/4253254
24.04.2019 – 12:05;POL-F: 190424 - 460 Frankfurt-Bockenheim/Innenstadt: Graffiti gemalt und Drogen zu Hause;  Frankfurt (ots)  (ne) Ein junger Mann im Alter von 23 Jahren und sein bislang unbekannter Begleiter sind am Montag von Beamten der AG Siedlung kontrolliert worden, nachdem sie einen Stromkasten mit Graffiti beschmiert haben. In seiner Wohnung fanden die Polizisten Drogen und Aufzuchtequipment für Marihuana.  Die zwei Männer waren in der Miquelanlage auf Fahrrädern unterwegs. Hier entdeckten sie einen Stromkasten, auf dem sie mit Permanentmarkern einen Tag anbrachten. Unmittelbar vor der nun anschließenden Kontrolle gelang es einem der Täter zu fliehen. Der 23-Jährige hingegen stimmte nun einer freiwilligen Wohnungsdurchsuchung in der Innenstadt zu. Hier fanden die Beamten zwei Aufzuchtzelte, sowie entsprechendes Aufzuchtequipment wie Lampen, Erde, Belüftungsgeräte und Töpfe, aber auch 49 Ecstasytabletten und rund 2,8g Amphetamin. Die Beamten stellten alles sicher und entließen denn 23-Jährigen anschließend zu Hause.    ;https://www.presseportal.de/blaulicht/pm/4970/4253182
24.04.2019 – 11:48;POL-F: 190424 - 459 Frankfurt-Goldstein: Verdacht der CO-Vergiftung durch Shisharauchen;  Frankfurt (ots)  (ne) Drei Frauen und ein Mann sind gestern Nachmittag mit Verdacht auf Kohlenmonoxid-Vergiftung in Krankenhäuser gebracht worden, nachdem sie auf einer Terrasse in der Straße An der Herrenwiese eine Wasserpfeife (Shisha) geraucht haben.  Die Frauen im Alter von 19, 20 und 21 Jahren und ein 25-jähriger Mann hatten sich um 17:00 Uhr zum Shisharauchen zusammengesetzt. Schließlich verloren zwei der Frauen das Bewusstsein. Auch die anderen zwei Raucher fühlten sich sehr unwohl. Die sofort verständigten Rettungskräfte konnten bei allen Personen erhöhte CO-Werte feststellen, so dass die Verletzten umgehend in verschiedene Krankenhäuser gebracht wurden. Eine der Frauen musste mit dem Rettungshubschrauber in eine Düsseldorfer Klinik geflogen werden. Im Zuge der Rettungsmaßnahmen musste die Kreuzung Herrenwiese/Tannenkopfweg zeitweise gesperrt werden. Die Shisha und sämtliches Zubehör wurde sichergestellt.    ;https://www.presseportal.de/blaulicht/pm/4970/4253146
23.04.2019 – 14:53;POL-F: 190423 - 458 Frankfurt-Gallus: Versuchtes Tötungsdelikt;  Frankfurt (ots)  (em) Am Ostersonntag (21.04.2019) wurde einem 26-jährigen Mann im Schlaf schwere Kopfverletzungen zugefügt. Am Tag darauf wurde ein 20-jähriger Tatverdächtiger festgenommen.  Gegen 23.00 Uhr wachte der 26-Jährige mit starken Kopfschmerzen in seinem Bett auf und stellte fest, dass er am Kopf blutete. Er wurde umgehend stationär in ein Krankenhaus aufgenommen. Ursächlich für die Kopfverletzungen war augenscheinlich eine Gewalteinwirkung von außen.  Ermittlungen des K11 führten schließlich zu einem 20-jährigen Tatverdächtigen, dem Mitbewohner des Opfers, welcher am Montagabend durch die Bundespolizei am Hauptbahnhof festgenommen wurde. Der mutmaßliche Täter wird noch heute dem Haftrichter vorgeführt. Er wird verdächtigt, dem 26-Jährigen im Schlaf die Kopfverletzungen beigefügt zu haben.    Rückfragen bitte an:  Polizeipräsidium Frankfurt am Main Pressestelle Adickesallee 70 60322 Frankfurt am Main Direkte Erreichbarkeit von Mo. - Fr.: 07:30 Uhr bis 17:00 Uhr Telefon: 069 / 755-82110 (CvD) Fax: 069 / 755-82009 E-Mail: pressestelle.ppffm@polizei.hessen.de Homepage Polizeipräsidium Ffm.: http://www.polizei.hessen.de/ppffm          Original-Content von: Polizeipräsidium Frankfurt am Main, übermittelt durch news aktuell Frankfurt (ots) - (em) Am Karfreitag (19.04.2019) endete ein Streit zweier Frauen um einen Parkplatz, für einen der beiden Ehemänner im Krankenhaus. Gegen 20.30 Uhr wollten zwei Frauen, 40 und 42 Jahre alt, etwa zeitgleich in eine freie Parklücke in der Wächtersbacher Straße einparken. Der Ehemann der ... Frankfurt (ots) - (ka) Letzte Woche Mittwoch (17.04.2019) war ein 51-Jähriger viel zu schnell mit seinem Audi unterwegs. Bei der anschließenden Kontrolle gab es ein Wiedersehen mit dem Polizeibeamten, der ihn bereits vor einigen Monaten anzeigte hatte, weil er ohne Fahrerlaubnis Auto gefahren ist - die Erlaubnis hatte er am Mittwoch erneut nicht. Doch zunächst der ... Frankfurt (ots) - (fue) In den Abendstunden des 21. April 2019 stellte der Halter eines Motorrades, einer Kawasaki Z750, sein Krad in der Jaspertstraße ab. Am 22. April 2019, gegen 22.00 Uhr, musste er schließlich den Diebstahl des Krades feststellen. Die schwarze Kawasaki trägt das amtliche Kennzeichen F-TM 70. ;https://www.presseportal.de/blaulicht/pm/4970/4252376
23.04.2019 – 14:37;POL-F: 190423 - 457 Frankfurt-Fechenheim: Streit um Parkplatz endet in tätlichem Angriff;  Frankfurt (ots)  (em) Am Karfreitag (19.04.2019) endete ein Streit zweier Frauen um einen Parkplatz, für einen der beiden Ehemänner im Krankenhaus.  Gegen 20.30 Uhr wollten zwei Frauen, 40 und 42 Jahre alt, etwa zeitgleich in eine freie Parklücke in der Wächtersbacher Straße einparken. Der Ehemann der 42-jährigen Frau, 41 Jahre alt, beobachtete den Streit vom Fenster des Wohnhauses aus und eilte daraufhin nach draußen, um sich an der Diskussion zu beteiligen. Der Streit um den Parkplatz schaukelte sich hoch, so dass es zwischen den beiden Ehemännern zu einer tätlichen Auseinandersetzung kam. Als der 41-Jährige anschließend wieder ins Haus zurückging, stellte der 45-Jährige fest, dass er im Brust- sowie Halsbereich blutete.  Das Opfer wurde mit Schnitt- und Stichverletzungen stationär in ein Krankenhaus aufgenommen. Der 41-Jährige wurde festgenommen und nach der Durchführung der polizeilichen Maßnahmen in Absprache mit der Justiz wieder entlassen. Die Ermittlungen dauern an.    Rückfragen bitte an:  Polizeipräsidium Frankfurt am Main Pressestelle Adickesallee 70 60322 Frankfurt am Main Direkte Erreichbarkeit von Mo. - Fr.: 07:30 Uhr bis 17:00 Uhr Telefon: 069 / 755-82110 (CvD) Fax: 069 / 755-82009 E-Mail: pressestelle.ppffm@polizei.hessen.de Homepage Polizeipräsidium Ffm.: http://www.polizei.hessen.de/ppffm          Original-Content von: Polizeipräsidium Frankfurt am Main, übermittelt durch news aktuell Frankfurt (ots) - (ka) Letzte Woche Mittwoch (17.04.2019) war ein 51-Jähriger viel zu schnell mit seinem Audi unterwegs. Bei der anschließenden Kontrolle gab es ein Wiedersehen mit dem Polizeibeamten, der ihn bereits vor einigen Monaten anzeigte hatte, weil er ohne Fahrerlaubnis Auto gefahren ist - die Erlaubnis hatte er am Mittwoch erneut nicht. Doch zunächst der ... Frankfurt (ots) - (fue) In den Abendstunden des 21. April 2019 stellte der Halter eines Motorrades, einer Kawasaki Z750, sein Krad in der Jaspertstraße ab. Am 22. April 2019, gegen 22.00 Uhr, musste er schließlich den Diebstahl des Krades feststellen. Die schwarze Kawasaki trägt das amtliche Kennzeichen F-TM 70. ;https://www.presseportal.de/blaulicht/pm/4970/4252342
23.04.2019 – 13:42;POL-F: 190423 - 456 Bundesautobahn 66Frankfurt-Heddernheim: Unbelehrbarer Autofahrer;  Frankfurt (ots)  (ka) Letzte Woche Mittwoch (17.04.2019) war ein 51-Jähriger viel zu schnell mit seinem Audi unterwegs. Bei der anschließenden Kontrolle gab es ein Wiedersehen mit dem Polizeibeamten, der ihn bereits vor einigen Monaten anzeigte hatte, weil er ohne Fahrerlaubnis Auto gefahren ist - die Erlaubnis hatte er am Mittwoch erneut nicht.  Doch zunächst der Reihe nach: Der 51-Jährige fuhr vor einer Streife des Verkehrsdienstes mit fast 140 km/h über die A66, obwohl an dieser Stelle maximal 100 km/h erlaubt sind. Von der A66 ging es weiter auf die Rosa-Luxemburg-Straße in Richtung Norden. Auch hier fuhr der Audi-Fahrer zeitweise 40 km/h zu schnell. Die Polizeibeamten hielten den Mann schließlich, gegen 21.30 Uhr, am Nordwestzentrum an. Einer der Polizeibeamten staunte nicht schlecht. Er hatte den 51-Jährigen bereits im Oktober kontrolliert und festgestellt, dass seine Fahrerlaubnis bis 2020 entzogen wurde.  Demnach hätte er auch dieses Mal nicht am Steuer sitzen dürfen und muss sich neben der Ordnungswidrigkeit des zu schnellen Fahrens auch wegen der Straftat des Fahrens ohne Fahrerlaubnis verantworten. Die Weiterfahrt war für ihn selbstverständlich an dieser Stelle beendet.    Rückfragen bitte an:  Polizeipräsidium Frankfurt am Main Pressestelle Adickesallee 70 60322 Frankfurt am Main Direkte Erreichbarkeit von Mo. - Fr.: 07:30 Uhr bis 17:00 Uhr Telefon: 069 / 755-82110 (CvD) Fax: 069 / 755-82009 E-Mail: pressestelle.ppffm@polizei.hessen.de Homepage Polizeipräsidium Ffm.: http://www.polizei.hessen.de/ppffm          Original-Content von: Polizeipräsidium Frankfurt am Main, übermittelt durch news aktuell Frankfurt (ots) - (fue) In den Abendstunden des 21. April 2019 stellte der Halter eines Motorrades, einer Kawasaki Z750, sein Krad in der Jaspertstraße ab. Am 22. April 2019, gegen 22.00 Uhr, musste er schließlich den Diebstahl des Krades feststellen. Die schwarze Kawasaki trägt das amtliche Kennzeichen F-TM 70. ;https://www.presseportal.de/blaulicht/pm/4970/4252198
23.04.2019 – 13:10;POL-F: 190423 - 455 Frankfurt-Preungesheim: Diebstahl eines Motorrades;  Frankfurt (ots)  (fue) In den Abendstunden des 21. April 2019 stellte der Halter eines Motorrades, einer Kawasaki Z750, sein Krad in der Jaspertstraße ab. Am 22. April 2019, gegen 22.00 Uhr, musste er schließlich den Diebstahl des Krades feststellen. Die schwarze Kawasaki trägt das amtliche Kennzeichen F-TM 70.    ;https://www.presseportal.de/blaulicht/pm/4970/4252131
22.04.2019 – 13:54;POL-F: 190422 - 454 Frankfurt-Sachsenhausen: Drogen in Unterhose;"  Frankfurt (ots)  (em) In der Nacht von Karfreitag (19.04.2019) auf Samstag (20.04.2019) nahm die Frankfurter Polizei einen 21-jährigen Mann vorläufig fest, da dieser Drogen mit sich führte; in seiner Unterhose.  Gegen 02.00 Uhr nachts waren die Beamten in der Straße Kleine Rittergasse unterwegs, als sie plötzlich einen Cannabis-Geruch wahrnahmen. Die Kontrolle eines 21-Jährigen führte schließlich zum Auffinden von 12 abgepackten Portionen Haschisch. Diese hatte er in seiner Unterhose versteckt.  Die insgesamt etwa 17 Gramm der Droge wurden beschlagnahmt und der Tatverdächtige nach der Durchführung der polizeilichen Maßnahmen wieder entlassen. Die Ermittlungen dauern an.    ";https://www.presseportal.de/blaulicht/pm/4970/4251329
22.04.2019 – 13:48;POL-F: 190422 - 453 Frankfurt-Gallus: Brutale versuchte räuberische Erpressung;  Frankfurt (ots)  (em) Am Ostersonntag (21.04.2019) ging ein 18-Jähriger brutal vor, um an das Geld eines 64-Jährigen zu gelangen. Glücklicherweise war eine Polizeistreife zur Stelle und konnte den Täter festnehmen.  Gegen 09.30 Uhr betrat der 64-Jährige in der Düsseldorfer Straße den Vorraum einer Bank, um Geld abzuheben. Dort wurde er unvermittelt von einem unbekannten Mann bedroht, getreten und zu Boden geschubst. Der Täter forderte die Herausgabe von Bargeld. Als er sich kurz umdrehte, nutzte das Opfer die Unaufmerksamkeit seines Gegenübers und floh aus der Bank. Der Täter verfolgte den 64-Jährigen bis nach draußen und attackierte ihn erneut, bis er zu Boden stürzte. Daraufhin ergriff er das Opfer und schleifte es bis in die Mitte der Straße. Eine Polizeistreife vernahm die Hilfeschreie des 64-jährigen Mannes und eilte sofort herbei. Für den Tatverdächtigen klickten die Handschellen.  Die Beamten trauten ihren Augen kaum. Sie hatten kurz zuvor eine Anzeige wegen Ladendiebstahls aufgenommen, dessen der 18-Jährige verdächtigt wird.  Nach bisherigen Erkenntnissen blieb der 64-jährige Mann unverletzt. Der mutmaßliche Täter wurde in die Haftzellen des Polizeipräsidiums verbracht und wird noch heute dem Haftrichter vorgeführt. Die Ermittlungen dauern an.    ;https://www.presseportal.de/blaulicht/pm/4970/4251326
22.04.2019 – 13:30;POL-F: 190422 - 452 Frankfurt-Westend: Festnahme nach Raub;"  Frankfurt (ots)  (em) Am Karfreitag (19.04.2019) beraubten zwei Personen einen 65-jährigen Mann. Die alarmierte Polizei konnte wenig später zwei Tatverdächtige festnehmen.  Kurz vor 23.00 Uhr befand sich der 65-Jährige auf dem Westendplatz. Plötzlich wurde er von zwei Personen von hinten tätlich angegangen und zu Boden gebracht. Einer der Täter zog ihm das Portemonnaie aus der Gesäßtasche. Anschließend flohen die beiden Räuber über die Rüsterstraße in Richtung Niedenau. Die alarmierte Polizei führte sofort umfangreiche Fahndungsmaßnahmein durch; mit Erfolg. Die Beamten nahmen im Bereich der Straße Neue Niedenau, Ecke Westendstraße einen 16-Jährigen sowie eine 18-jährige Tatverdächtige fest.  Nach bisherigen Erkenntnissen wurde das Opfer nicht verletzt. Die beiden mutmaßlichen Täter wurden nach der Durchführung der polizeilichen Maßnahmen entlassen. Der Minderjährige wurde an seine Erziehungsberechtigten übergeben. Die Ermittlungen dauern an.    ";https://www.presseportal.de/blaulicht/pm/4970/4251311
22.04.2019 – 13:23;POL-F: 190422 - 451 Frankfurt-Bornheim: Volksfest-Besucher mit Drogen im Rucksack festgenommen;  Frankfurt (ots)  (em) In der Samstagnacht (20.04.2019) wurde ein 32-jähriger Mann festgenommen, da er in seinem Rucksack Drogen in nicht geringer Menge mit sich führte.  Gegen 23.10 Uhr fiel der 32-jährige Besucher des Volksfestes in Bornheim den Beamten aufgrund seines nervösen Verhaltens auf. Ihr Bauchgefühl sollte sich wenig später im Rahmen einer Kontrolle bestätigen. In dem Rucksack des Mannes fanden die Beamten kleine Beutelchen, gefüllt mit verschiedenen Drogen. Insgesamt stellten die Polizisten circa 34 Gramm Amphetamin, 18 Tabletten Ecstasy und etwa 2,8 Gramm Crystal Meth sicher. Der 32-Jährige wurde festgenommen.  Nachdem der Tatverdächtige dem Haftrichter vorgeführt wurde, befindet er sich nun in Untersuchungshaft. Die Ermittlungen dauern an.    ;https://www.presseportal.de/blaulicht/pm/4970/4251304
22.04.2019 – 13:16;POL-F: 190422 - 450 Frankfurt-Sachsenhausen: Fahrraddieb verirrt sich in Polizeirevier-Innenhof;  Frankfurt (ots)  (em) In der Nacht von Sonntag (21.04.2019) auf Montag (22.04.2019) verirrte sich ein 26-jähriger mutmaßlicher Fahrraddieb in den Innenhof des 8. Polizeireviers. Seine Fahrt war damit beendet.  Gegen 02.15 Uhr nachts fiel den Polizeibeamten ein Fahrradfahrer im Innenhof des Polizeireviers auf. Ein unbekannter Mann drehte dort auf einem Damenrad eine Runde. Als er schließlich den Hof mit dem Zweirad verlassen wollte, kontrollierten die Beamten den jungen Mann. Sie fanden circa 0,52 Gramm Marihuana sowie einen Bolzenschneider bei ihm auf und stellten beides sicher. Zudem stand der 26-Jährige offenkundig unter Drogeneinfluss. Da er keinen Eigentumsnachweis für das Damenfahrrad erbringen konnte, wurde auch dieses sichergestellt. Der Mann wollte wohl ursprünglich auf die andere Mainseite wechseln und hatte sich verfahren.  Nach der Durchführung der polizeilichen Maßnahmen wurde der 26-jährige Tatverdächtige wieder entlassen. Die Ermittlungen dauern an.    ;https://www.presseportal.de/blaulicht/pm/4970/4251302
22.04.2019 – 13:09;POL-F: 190422 - 449 Frankfurt-BAB 648: Motorradfahrer stürzt & Unfallverursacher flieht - Polizei sucht Zeugen!;  Frankfurt (ots)  (em) Am Samstagnachmittag (20.04.2019) stürzte ein 60-jähriger Mann mit seinem Motorrad auf der A648 in Fahrtrichtung Basel, nachdem ihn ein Autofahrer zuvor ausgebremst hatte. Der Unbekannte fuhr, ohne anzuhalten, mit seinem weißen Pkw weiter. Die Frankfurter Polizei sucht nun Zeugen.  Gegen 18.05 Uhr fuhr der 60-Jährige mit seinem schwarzen Motorrad der Marke BMW auf der A648 in Fahrtrichtung Basel. Kurz vor dem Autobahnkreuz Westkreuz Frankfurt zog plötzlich ein weißes Auto von der ganzen linken Fahrspur nach ganz rechts, unmittelbar vor den Motorradfahrer. Dieser bremste sofort, geriet dadurch jedoch ins Schleudern und stürzte. Der weiße Pkw wurde kurz langsamer, setzte jedoch seine Fahrt anschließend unbeirrt fort.  Der 60-Jährige wurde mit schweren Verletzungen stationär in ein Krankenhaus aufgenommen.  Die Frankfurter Polizei ermittelt nun wegen des Verdachts der Unfallflucht und bittet Zeugen, welche sachdienliche Hinweise geben können, sich unter der Telefonnummer 069/755-46400 an die Polizeiautobahnstation Frankfurt am Main zu wenden.    ;https://www.presseportal.de/blaulicht/pm/4970/4251296
20.04.2019 – 15:00;POL-F: 190420 - 448 Frankfurt-BAB3: Motorradfahrer verunglückt tödlich;  Frankfurt (ots)  (em) Heute Vormittag (20.04.2019) stürzte ein 66-jähriger Motorradfahrer auf der A3 in Fahrtrichtung Köln. Er verstarb kurz darauf im Krankenhaus.  Gegen 09.25 Uhr war der 66-Jährige mit seinem Motorrad der Marke BMW auf der A3 in Fahrtrichtung Köln unterwegs. Zwischen dem Offenbacher Kreuz und der Anschlussstelle Frankfurt-Süd stürzte der Mann auf der linken Fahrspur aus bislang unbekannten Gründen mit seinem Motorrad.  Der 66-Jährige wurde mit schweren Verletzungen mit einem Hubschrauber in ein Krankenhaus verbracht, wo er wenig später verstarb.  Die A3 wurde zeitweise ab dem Offenbacher Kreuz komplett gesperrt. Es wurde auf die A661 umgeleitet. Gegen 11.20 Uhr konnte die Fahrbahn wieder freigegeben werden. Die Ermittlungen bezüglich der Unfallursache dauern an.    ;https://www.presseportal.de/blaulicht/pm/4970/4250473
20.04.2019 – 14:56;"POL-F: 190420 - 447 Frankfurt: ""Car-Freitag"" - Fazit der Frankfurter Polizei";"  Frankfurt (ots)  (em) Die Kontrolleinheit Autoposer, Raser und Tuner (KART) der Frankfurter Polizei hat am gestrigen sogenannten ""Car-Freitag"" mit der Unterstützung weiterer Polizisten im gesamten Stadtgebiet umfangreiche Kontrollen durchgeführt. Es wurden zahlreiche Geschwindigkeitsverstöße festgestellt. Einige Autos sowie Motorräder mussten aufgrund unzulässiger Veränderungen sichergestellt werden.  Bereits am frühen Nachmittag waren die Beamten gestern im Einsatz. Insgesamt wurden 295 Geschwindigkeitsverstöße festgestellt. Davon fuhren 56 Autofahrer/innen mindestens 21 km/h zu schnell. Insgesamt 16 Personen droht nun ein Fahrverbot. Der Spitzenreiter war ein BMW X5, welcher mit 110 km/h im Bereich der Mainzer Landstraße, Ecke Taunusanlage unterwegs war.  Manche Autofahrer waren zwar nicht zu schnell, stattdessen jedoch zu laut unterwegs. In 19 Fällen wurde eine Ordnungswidrigkeit wegen des Verursachens unnötigen Lärms geahndet. Bei insgesamt 3 Pkw und 3 Motorrädern waren die Abgasanlagen derart verändert, so dass der zulässige Geräuschwert überschritten wurde. Die Autos und Motorräder wurden allesamt sichergestellt. Ein Motorrad der Marke Harley-Davidson überschritt den zulässigen Standgeräuschwert von 88 Dezibel deutlich. Die Beamten maßen 112 Dezibel. Damit war das Motorrad 24 Dezibel zu laut. Bereits 10 Dezibel mehr führen dazu, dass das menschliche Ohr die Lautstärke doppelt so laut empfindet.  In einem der sichergestellten Fahrzeuge, einem Mini Cooper S, wurde eine Schreckschusspistole aufgefunden und sichergestellt. Es wird nun wegen des Verdachts des Verstoßes gegen das Waffengesetz ermittelt.  In insgesamt 18 Fällen führten technische Veränderungen an den Fahrzeugen zum Erlöschen der Betriebserlaubnis. In 19 Fällen wurde eine Mängelanzeige aufgenommen.  Es zeigt sich einmal mehr, dass solche umfangreichen Kontrollen notwendig sind. Das Fahren mit überhöhter Geschwindigkeit ist nach wie vor einer der Hauptunfallursachen. Und auch das unzulässige Verändern eines Fahrzeuges kann eine Gefahr im Straßenverkehr darstellen. Daher wird die Kontrolleinheit auch weiterhin im gesamten Stadtgebiet unterwegs sein, um die Sicherheit im Straßenverkehr zu erhöhen.    ";https://www.presseportal.de/blaulicht/pm/4970/4250471
19.04.2019 – 12:07;POL-F: 190419 - 446 Frankfurt-Gutleutviertel: Polizei erwischt Täter auf frischer Tat;"  Frankfurt (ots)  (em) In der vergangenen Nacht (19.04.2019) hat ein 27-jähriger Mann zwei Pkw aufgebrochen; mutmaßlich auf der Suche nach Wertgegenständen. Sein Unterfangen wurde jedoch durch die Polizei beendet. Für ihn klickten in den frühen Morgenstunden die Handschellen.  Gegen 04.35 Uhr war eine Polizeistreife im Bereich der Baseler Straße unterwegs. Aus dem Fahrzeug heraus konnten die Beamten sehen, wie ein Mann sich durch eine eingeschlagene Scheibe in einen 3er BMW hineinlehnte. Als die Beamten an dem Auto eintrafen, saß der Täter bereits auf dem Fahrersitz und hatte allerlei Fächer in dem Fahrzeug durchsucht. Bei sich hatte er einen Rucksack. Nur wenige Meter weiter, war bei einem weiteren Fahrzeug, einem Audi S1, ebenfalls die Scheibe eingeschlagen. Der Tatverdächtige wurde unmittelbar festgenommen.  Der 27-Jährige hat sich durch das Einschlagen der beiden Scheiben leichte Verletzungen zugezogen. Ein Atemalkoholtest zeigte, dass der Mann etwa 1,27 Promille hatte. Erste Ermittlungen ergaben den Verdacht, dass der mutmaßliche Täter sich möglicherweise illegal in Deutschland aufhält.  Die Ermittlungen, auch im Hinblick auf das Diebesgut sowie die Schadenssumme, dauern an. Der Tatverdächtige wird noch heute dem Haftrichter vorgeführt.    ";https://www.presseportal.de/blaulicht/pm/4970/4250047
18.04.2019 – 16:55;POL-F: 190418 - 445: Oberaurach/Landkreis Hassberge/Bamberg/Frankfurt: Polizeipräsidium Unterfranken: 48-Jährige vermisst - Wer kann Hinweise geben? (Foto beachten);"  Frankfurt (ots)  Seit vergangenem Freitag wird die 48-jährige Manuela Eberhart aus Oberaurach vermisst. Ihre Spur führt nach Erkenntnissen der Haßfurter Polizei zunächst nach Bamberg und dann weiter nach Frankfurt am Main.  Am Freitagmittag (12.04.2019) verließ die Frau gemeinsam mit ihrem schwarzen Hund der Rasse ""Spitz"" ihr Wohnhaus im Ortsteil Kirchaich und ist seitdem spurlos verschwunden. Die Haßfurter Polizei kann nicht ausschließen, dass ihr etwas zugestoßen ist. Hinweise auf eine Straftat, die im Zusammenhang mit ihrem Verschwinden stehen könnte, liegen allerdings derzeit nicht vor.  Die Polizei hat zwischenzeitlich sämtliche Kontaktadressen überprüft. Den Erkenntnissen zufolge lief die 48-Jährige mit ihrem Hund in Richtung Eltmann und fuhr mit dem Zug nach Bamberg. Dort wurde sie am Samstag, den 13.04.2019, um 06:30 Uhr von der Bundespolizei im Bahnhof angetroffen und kontrolliert, da sie verbotswidrig rauchte. Zu diesem Zeitpunkt war sie allerdings noch nicht als vermisst gemeldet. Dies erfolgte erst am Montag durch Angehörige.  Vermutlich fuhr Frau Eberhart von Bamberg aus mit dem Zug weiter nach Frankfurt a. Main. Dort wurde am Samstag ihr Hund am Hauptbahnhof gegen 18.00 Uhr herrenlos gefunden und ins Tierheim gebracht. Weitere Hinweise liegen der Polizei derzeit nicht vor. Deswegen bitten die Beamten jetzt die Öffentlichkeit um deren Mithilfe. Sie fragen:  Von Frau Eberhart liegt folgende Beschreibung vor: Sie ist 180 Zentimeter groß, hat eine schlanke Figur und trug eine schwarze Lederjacke, hellgraue Sportschuhe, Jeans und ein weiß-rot gestreiftes T-Shirt.  Sachdienliche Hinweise bitte an die Polizeiinspektion Haßfurt unter Tel. 09521/927-0.    ";https://www.presseportal.de/blaulicht/pm/4970/4249794
18.04.2019 – 16:01;POL-F: 190418 - 444 Frankfurt-Griesheim: Unfall zwischen Auto und Straßenbahn;  Frankfurt (ots)  (ka) Heute Morgen stießen auf der Mainzer Landstraße ein Audi und eine Straßenbahn zusammen. Die Bahnstrecke war zeitweise voll gesperrt.  Gegen 09.00 Uhr war der 48-jährige Audi-Fahrer auf der Mainzer Landstraße in Richtung Nied unterwegs. Links von ihm fuhr eine Straßenbahn, ebenfalls stadtauswärts. Als der Autofahrer nach links in die Straße In der Schildwacht abbog, kam es zum Zusammenstoß mit der Bahn. Der Audi wurde auf das Hochbett der Straßenbahnen geschoben und musste abgeschleppt werden. Sowohl das Auto, als auch die Tram, sind durch den Unfall beschädigt worden. Der Sachschaden wird auf über 10.000 Euro geschätzt. Nach jetzigem Erkenntnisstand wurde niemand verletzt.  Die Straßenbahnstrecke war zwischenzeitlich für die Unfallaufnahme und Bergungsarbeiten in beide Richtungen gesperrt. Um 10.30 Uhr konnten die Bahnen wieder wie gewohnt fahren. Die genaue Unfallursache ist Gegenstand der laufenden Ermittlungen.    ;https://www.presseportal.de/blaulicht/pm/4970/4249766
